{"cameraMode":{"drawMode":0,"name":"Shaded","section":"Shading Mode"},"sceneLighting":true,"audioPlay":false,"sceneViewState":{"showFog":true,"showMaterialUpdate":false,"showSkybox":true,"showFlares":true,"showImageEffects":true,"showParticleSystems":true},"in2DMode":false,"pivot":{"x":634.7823486328125,"y":620.4169311523438,"z":-201.0338134765625},"rotation":{"x":-0.02478533610701561,"y":0.9704364538192749,"z":-0.21141205728054048,"w":-0.11377058923244477},"size":1818.369873046875,"orthographic":false}